epsilon ; nb messages ; time (sec) ; correct
1.0 ; 2 ; 0.001611471176147461 ; True
0.95 ; 2 ; 0.0016412734985351562 ; True
0.9 ; 2 ; 0.0015573501586914062 ; True
0.85 ; 2 ; 0.001650094985961914 ; True
0.8 ; 2 ; 0.0017430782318115234 ; True
0.75 ; 2 ; 0.0017817020416259766 ; True
0.7 ; 2 ; 0.0017702579498291016 ; True
0.65 ; 2 ; 0.0017845630645751953 ; True
0.6 ; 2 ; 0.0017766952514648438 ; True
0.55 ; 2 ; 0.0017478466033935547 ; True
0.5 ; 3 ; 0.0030298233032226562 ; True
0.45 ; 3 ; 0.0029463768005371094 ; True
0.4 ; 3 ; 0.0030896663665771484 ; True
0.35 ; 3 ; 0.002935647964477539 ; True
0.3 ; 4 ; 0.004152059555053711 ; True
0.25 ; 5 ; 0.0056765079498291016 ; True
0.2 ; 6 ; 0.007443904876708984 ; True
0.15 ; 7 ; 0.011579513549804688 ; True
0.1 ; 11 ; 0.019865989685058594 ; True
0.05 ; 25 ; 0.1337573528289795 ; True
